total_gain_loss,avg_annual_return_pct,total_return_pct,final_balance
0.1402734169166474,56.672372441504,-0.0038405333979214,1.1356018866759696
