total_gain_loss,avg_annual_return_pct,total_return_pct,final_balance
0.1402734169166474,91.61499714212178,14.093178400751128,1.1356018866759696
