total_return,hit_rate,avg_pnl,std_pnl,n_trades
-0.003840533397921453,0.08,-7.040561267989201e-05,0.0036267625764533117,50
